{"train_loss": [0.013784959137065117, 0.005667989246297482, 0.004328358316190499, 0.003321161744049516, 0.0028568677852637858, 0.0026060885505220076, 0.0024253725179590744, 0.0022766794580133766, 0.002236441543908509, 0.002185569685238658, 0.0021554125172434657, 0.002039405028856042, 0.0019937824089126923, 0.0019391613027767679, 0.001888711116336515, 0.0018807005204843077, 0.0018909438500212057, 0.0018162675655197206, 0.00173840320320519, 0.0017562788971647746, 0.0015833382413452024, 0.0015578364739428643, 0.0015444580879187284, 0.0015012077182692647, 0.0014586753121514767, 0.001454125550658801, 0.0013951931006337553, 0.0013818414902962307, 0.001368265425690122, 0.0013455669779340897, 0.0013301203989257318, 0.0012821978712181286, 0.0012711414243953105, 0.0012444678067057991, 0.0012290835308688874, 0.0012165892364550902, 0.0012066963440270355, 0.0011549087136583248, 0.0011676600004231568, 0.0011644114394849115], "val_loss": [0.0062637243055455065, 0.005072016106999438, 0.004050750265140896, 0.003349604236933848, 0.003191058149399317, 0.003104653887693649, 0.0029340875208499315, 0.002722187613076328, 0.0026106452518750143, 0.002724873357573929, 0.002652663018797403, 0.0025872760249868684, 0.0026405985396274405, 0.0025774518119009294, 0.0027225223045958123, 0.002649387375087194, 0.002710507263976109, 0.0026060147236263297, 0.002739546569975336, 0.0025359328618556583, 0.0026820637184478665, 0.002670265529203512, 0.002632373351725223, 0.0028638851287288835, 0.002832100830425549, 0.002813163367808675, 0.0028949559732016337, 0.0028848418530643635, 0.003015693249282144, 0.0028540671539857335, 0.002992550111072057, 0.0028309398811593974, 0.0028044247225372364, 0.0030810593794423926, 0.002967455753368204, 0.003196414914387076, 0.0030998095323372145, 0.003043731386044427, 0.003032087814062834, 0.0030116770750559544]}