{"train_loss": [0.11229946512355606, 0.055409207785212154, 0.0441099657401093, 0.0410514286498843, 0.038934331359480746, 0.036784056033978836, 0.035529038767570624, 0.03461315809512761, 0.034258585282241995, 0.03297459420317145, 0.032190164708014106, 0.031807034953570824, 0.031524524156218654, 0.03107008999233434, 0.030940574788446747, 0.030925758063856727, 0.0298150334197448, 0.029598474585965498, 0.029062428964433003, 0.02877649141630448, 0.02828001764529486, 0.02820074625773979, 0.02822569326988098, 0.028153159818463107, 0.028161005327489965, 0.028113780390304415, 0.028161902860331257, 0.028131937836485505, 0.028169301948122887, 0.028033652718165027, 0.0279920626260928, 0.028044420703530692, 0.028122537824978578, 0.0281676871777534, 0.02801657664472424, 0.02801393292772808, 0.02800540123055421, 0.02800387112912275, 0.02797126855208739, 0.028070450333485215, 0.027820361901257338, 0.027801699269173752, 0.027818963350628865, 0.02776647089863383, 0.027767092617018135, 0.027774590276070495, 0.027780375083975954, 0.02778265324395412, 0.027749153862852278, 0.027772018519132885, 0.027771069793336427, 0.027766187996990772, 0.027761154528111537, 0.027754818544045948, 0.02776038737050188, 0.02775448336720721, 0.02774855789384926, 0.027743490988702407, 0.027752548972490246], "val_loss": [0.059971958016737915, 0.046193506504990094, 0.04164540111763865, 0.061034582841854826, 0.03750409119022198, 0.03760480215279465, 0.03583898420771982, 0.039063060640269875, 0.04150310922891666, 0.034850299390208006, 0.03281796511867617, 0.03194765399536516, 0.03227338774336709, 0.030644432028644104, 0.035299688609492064, 0.030711912303271457, 0.03810757583277857, 0.029842513653202955, 0.030593046600110512, 0.030727110070805263, 0.02848798940833817, 0.02922057433642893, 0.029670352323187724, 0.029902983854851153, 0.02953221036009809, 0.03547470800132833, 0.030885961320665147, 0.0332071567989058, 0.02978774496059642, 0.03036736736758652, 0.03061885459937601, 0.029365611190979298, 0.02875668101776869, 0.02835048297340544, 0.029299204054678608, 0.02986693387039197, 0.02886965351863804, 0.032991645077609606, 0.030139684454243407, 0.028347116727859546, 0.02934078499674797, 0.028515155180397198, 0.028358896652984824, 0.02777411650197628, 0.02883304106310392, 0.02809367617035014, 0.03006941672319021, 0.02850320655056554, 0.02815852037225014, 0.028660743584872313, 0.028564597981480453, 0.02886366573536498, 0.02863209809248264, 0.02835507894683088, 0.028466315796742074, 0.028873584241184413, 0.031480661680937834, 0.03071470606403473, 0.030079113144395698]}